ID,Código de Barras,Nombre,Precio Venta ($),Precio Compra ($),Categoría
975,,Gel Rolda,2.54,2.09,Gelatina De Cabello
827,,Agua Cool 1.5L x6 bulto,4.20,3.70,Refresco Por Caja
825,,Agua Cool 400ml x 15 bulto,4.20,3.70,Refresco Por Caja
826,,Agua Cool 600 ml x12 bulto,4.20,3.70,Refresco Por Caja
814,,BIg Cola bulto,5.15,4.80,Refresco Por Caja
919,,Caja Pepsi 350 ml retornable caja,12.00,11.35,Refresco Por Caja
874,,Chinotto 2 L bulto,6.35,5.85,Refresco Por Caja
803,,Coca Coca 2 L,8.30,7.75,Refresco Por Caja
805,,Coca Cola 1 L bulto,5.20,4.75,Refresco Por Caja
806,,Coca Cola 1.25 L retorable caja,4.75,4.20,Refresco Por Caja
804,,Coca Cola 1.5 L bulto,7.30,6.80,Refresco Por Caja
809,,Fanta 1 L bulto,4.10,3.80,Refresco Por Caja
808,,Fanta 1.5 L bulto,5.20,4.80,Refresco Por Caja
807,,Fanta 2 L bulto,6.35,5.85,Refresco Por Caja
815,,First 2 L bulto,5.15,4.80,Refresco Por Caja
920,,Frescolita 2 L bulto,6.35,5.85,Refresco Por Caja
823,,Gatorade bulto,19.50,18.50,Refresco Por Caja
810,,Golde 2 L bulto,6.35,5.85,Refresco Por Caja
811,,Golden 1.5 L bulto,5.20,4.80,Refresco Por Caja
833,,Golden 2 L bulto,6.35,5.70,Refresco Por Caja
812,,Golden1 L bulto,4.10,3.80,Refresco Por Caja
819,,Jugo El Valle 1.5 L bulto,5.50,5.30,Refresco Por Caja
820,,Jugo El Valle 500 ml bulto,7.75,7.22,Refresco Por Caja
817,,Jugo Justy 1.5 L bulto,12.60,10.80,Refresco Por Caja
818,,Jugo Justy 400 ml bulto,7.00,5.80,Refresco Por Caja
816,,Jugosa 1 L bulto,22.00,21.00,Refresco Por Caja
828,,Leche liquida Natulac 1 L bulto,29.50,27.00,Refresco Por Caja
821,,Malta 1.5 L bulto,11.00,9.80,Refresco Por Caja
822,,Malta 250 ml retorable caja,16.80,15.80,Refresco Por Caja
813,,Mini Sun bulto,4.90,4.40,Refresco Por Caja
824,,Power Max caja,6.00,5.30,Refresco Por Caja
831,,Sun 2 L bulto,5.00,4.70,Refresco Por Caja
972,,Vainilla el aguila 230 ml,1.06,0.77,Vainilla
946,,Aceite Agroil 700 ml,2.35,2.20,Aceites
923,,Aceite Agroil 800 ml,2.45,2.11,Aceites
964,,Aceite Amanecer 500 ml,1.89,1.66,Aceites
908,,Aceite Aurora 500 ml,1.93,1.67,Aceites
892,,aceite Vatel 800 ml,2.54,2.29,Aceites
954,,aceite Vatel pequeño,1.66,1.50,Aceites
655,,aceite vatel 1 litro,3.89,3.17,Aceites
830,,Agua cool 1.5 L,0.93,0.66,Agua Potable
829,,Agua cool 400 ml,0.44,0.26,Agua Potable
955,,Agua potable bidon,1.00,0.57,Agua Potable
359,,agua cool 600 ml,0.55,0.33,Agua Potable
376,,agua saborizada nevada  335 ml,0.80,0.82,Agua Potable
305,,ajo chino,8.98,5.00,Ajo
856,,ajo criollo,8.98,10.00,Ajo
948,,Ringo Adulto,2.73,1.94,Animales
164,,gatarina,5.10,3.79,Animales
220,,maiz,0.79,0.64,Animales
189,,multiproposito,0.60,0.52,Animales
916,,Fabuloso,0.90,0.64,Aromatizantes
763,,aromatizante Roberti 1 L,1.80,1.43,Aromatizantes
103,,aromax,0.57,0.29,Aromatizantes
965,,Arroz Amanecer marfil,1.07,0.97,Arroz
853,,Arroz Kaly,0.95,0.90,Arroz
25,,arroz Mary tradicional,0.85,0.75,Arroz
952,,arroz Mimasa,0.90,0.80,Arroz
243,,arroz doña emilia,0.79,0.68,Arroz
524,,arroz la lucha,1.04,0.88,Arroz
944,,Azucar Cominka 500 gr,0.79,0.58,Azucar
276,,azucar amanecer,1.60,1.47,Azucar
728,,azucar cominka,1.50,1.35,Azucar
51,,azucar pastora 1kg,1.55,1.24,Azucar
674,,papelon,1.22,0.97,Azucar
324,,cerelac 400 gr,6.39,5.86,Bebidas Instantaneas
436,,gelatina sonrisa 66 gr,1.91,1.60,Bebidas Instantaneas
302,,toddy 100 gr,1.62,1.23,Bebidas Instantaneas
711,,toddy 200 gr pote,3.22,2.80,Bebidas Instantaneas
746,,toddy bolsa 400 g,6.70,6.18,Bebidas Instantaneas
794,,Cafe Aurora 100 gr,1.32,1.12,Cafe
795,,Cafe Aurora 200 gr,2.50,2.06,Cafe
50,,Dellanona 100 gr,1.58,1.40,Cafe
49,,amanecer 100g,1.58,1.35,Cafe
48,,amanecer 200g,2.85,2.49,Cafe
223,,arauca 50gr,0.80,0.63,Cafe
364,,cafe arauca 100 gr,1.41,1.26,Cafe
195,,favorito 100gr,1.32,1.09,Cafe
47,,favorito 50gr,0.73,0.55,Cafe
46,,flor de arauca,2.80,2.54,Cafe
44,,protectora 100g,1.40,1.19,Cafe
357,,protectora 200 gr,2.63,2.34,Cafe
356,,protectora 50 gr,0.74,0.59,Cafe
970,,Chao Linea,0.15,0.09,Caramelos Y Chupetas
87,,caramelo bianchi,0.04,0.02,Caramelos Y Chupetas
84,,caramelo cafe gurme,0.09,0.04,Caramelos Y Chupetas
89,,caramelo chao,0.04,0.01,Caramelos Y Chupetas
395,,caramelo chao xtreme,0.04,0.01,Caramelos Y Chupetas
633,,caramelo menta helada,0.07,0.03,Caramelos Y Chupetas
249,,caramelo ricato,0.06,0.04,Caramelos Y Chupetas
278,,chicle agogo,0.22,0.15,Caramelos Y Chupetas
83,,chupeta,0.17,0.07,Caramelos Y Chupetas
82,,freegells tubo menta,0.45,0.23,Caramelos Y Chupetas
651,,halls barra,0.68,0.44,Caramelos Y Chupetas
597,,mentos carmelo,0.57,0.44,Caramelos Y Chupetas
334,,trululu 90 gr,0.72,0.52,Caramelos Y Chupetas
33,,bistec,11.50,10.00,Carnes
731,,carne molida,11.00,7.50,Carnes
732,,carne para mechar,11.00,9.00,Carnes
289,,chuleta ahumada,8.50,7.50,Carnes
778,,pechuga de pollo,5.00,3.50,Carnes
265,,pollo entero,3.29,2.90,Carnes
264,,pollo picado,3.85,2.90,Carnes
956,,Avena Don Jorje,1.20,0.90,Cereales
518,,avena de vita 400 gr,1.20,1.00,Cereales
266,,avena detallada 250 gr,0.70,0.50,Cereales
237,,crema de arroz mary,1.15,0.92,Cereales
880,,crema de leche di fiore 170 gr,1.77,1.33,Cereales
881,,fororo valle hondo 250 gr,0.73,0.56,Cereales
39,,fororo valle hondo 400 gr,1.00,0.75,Cereales
38,,maizena 120g,1.15,0.76,Cereales
712,,maizena 200 g,1.66,1.41,Cereales
37,,maizena 90g,0.96,0.75,Cereales
632,,maizoritos azucarados,3.13,2.75,Cereales
40,,maizoritos blanco,3.04,2.65,Cereales
734,,maizoritos fruty aros,3.25,2.83,Cereales
963,,Crema de leche Guaralac 250 gr,2.17,1.90,Charcuteria
980,,Jamon de espalda Alimex,10.50,8.48,Charcuteria
898,,Mortadela Alpro 400 gr,1.47,1.03,Charcuteria
987,,Pechuga De Pavo 400 gr,2.82,2.45,Charcuteria
928,,Salchicha Alimex 11 unid,1.90,1.60,Charcuteria
899,,Suero Nicanor,1.07,0.90,Charcuteria
979,,Tocineta Ahumada,18.00,15.23,Charcuteria
882,,boloña alpro pollo grande,6.00,3.73,Charcuteria
241,,chorizo don eustoquio,11.00,7.50,Charcuteria
242,,crema de leche don eustoquio,3.60,2.80,Charcuteria
889,,crema de leche el morocho,2.50,1.90,Charcuteria
162,,crema de leche guaralat G,3.60,3.00,Charcuteria
174,,don ramon 400g,1.42,1.05,Charcuteria
173,,don ramon 900g,2.87,2.40,Charcuteria
261,,jamon milleniun 1.5 kg,10.00,9.30,Charcuteria
177,,jamon orsatoni,8.20,6.20,Charcuteria
485,,jamon orsatoni grande,9.00,6.16,Charcuteria
182,,jamon superior puro lomo 400 gr,3.32,2.83,Charcuteria
240,,masa lista grande,1.70,1.38,Charcuteria
914,,mortadela alibal 1 kilo,3.40,2.97,Charcuteria
217,,mortadela alibal 500 gr,2.00,1.66,Charcuteria
175,,mortadela caracas 500g,2.05,1.65,Charcuteria
262,,mortadela caracas 900 gr,3.05,2.75,Charcuteria
688,,mortadela la patrona pequeña,1.30,1.00,Charcuteria
268,,mortadela punta de m 500 gr,2.60,2.23,Charcuteria
768,,mortadela punta de monte 1 kilo,4.85,4.18,Charcuteria
886,,salchicha alimex 22 uni,3.70,3.14,Charcuteria
180,,salchicha puro lomo,6.70,5.40,Charcuteria
665,,suero guaralac cremoso,2.30,1.90,Charcuteria
161,,suero guaralact,1.40,1.10,Charcuteria
209,,suero san pedro,1.45,1.19,Charcuteria
412,,suero tapara dolceña,2.60,2.08,Charcuteria
909,,Bianchi snacks sabores,0.72,0.52,Chocolate
912,,Chocolate savoy 70 gr,2.68,226.00,Chocolate
523,,bianchi barra,0.52,0.28,Chocolate
749,,chocolate cricri 27 g,1.49,1.18,Chocolate
750,,chocolate galak 30 g,1.49,1.35,Chocolate
386,,chocolate jet,0.50,0.38,Chocolate
502,,nucita 20grs,0.62,0.45,Chocolate
408,,samba,1.00,0.81,Chocolate
405,,savoy,1.49,0.91,Chocolate
543,,troncolate grande 30 gr,0.85,0.54,Chocolate
402,,compota osole,0.74,0.60,Compotas
913,,Aliño san Miguel,2.27,1.93,Condimentos
300,,adobo la comadre,2.00,1.56,Condimentos
151,,aliño preparado sobre,0.28,0.13,Condimentos
169,,cacao,1.77,1.30,Condimentos
18,,cubito maggi,0.24,0.13,Condimentos
19,,laila sobre,0.20,0.10,Condimentos
729,,levadura y polvo de hornear,0.41,24.00,Condimentos
764,,oregano de teta,0.31,0.20,Condimentos
21,,sopa maggi,1.52,1.24,Condimentos
20,,trifogon sobre,0.08,0.05,Condimentos
270,,conservas de coco cocolait,0.60,0.34,Conservas
930,,Colgate Kids 50 gr,2.05,1.79,Cremas Dentales
111,,colgate 60ml triple A,1.63,1.36,Cremas Dentales
112,,colgate 90ml,1.55,1.44,Cremas Dentales
658,,maksim 135 gramos,1.17,0.86,Cremas Dentales
115,,maksim 90g roja,1.00,0.70,Cremas Dentales
116,,maksim azul 90 gr,1.19,0.93,Cremas Dentales
113,,maksim roja 50 gr,0.55,0.38,Cremas Dentales
911,,Desodorante Dioxogen,1.60,1.25,Desodorante
314,,desodorante balance sobre,0.37,0.27,Desodorante
904,,lady speed s complete,0.42,0.38,Desodorante
125,,lady speed stick sobre,0.36,0.26,Desodorante
224,,rexona practi tapa,0.50,0.37,Desodorante
836,,speed stick clinica tubo,1.75,1.47,Desodorante
126,,speed stick sobre,0.47,0.40,Desodorante
362,,speed stick tubo morado y azul,1.60,1.35,Desodorante
966,,Sardina Della Nonna,0.84,0.75,Enlatados
907,,Twesty Queso,3.52,3.00,Enlatados
6,,atun been,1.85,1.59,Enlatados
644,,atun bubba desmenuzado,1.15,0.85,Enlatados
526,,atun bubba entero 170 gr,1.45,1.14,Enlatados
326,,diablitos under w 54gr,1.86,1.58,Enlatados
327,,diablitos unser w 115 gr,3.15,2.66,Enlatados
446,,pepitona eveba natural 140 gr,1.30,1.13,Enlatados
328,,pepitona margarita,2.25,1.91,Enlatados
198,,rikesa,4.43,3.91,Enlatados
455,,sardina eveba 170 gr,1.20,1.03,Enlatados
643,,sardina omega,0.81,0.63,Enlatados
858,,sardina peñero 170 gr,0.66,0.56,Enlatados
601,,sardina venport,0.79,0.67,Enlatados
295,,sardinas incosa,0.74,0.68,Enlatados
918,,Cheetos mega puffs 110 gr,2.07,1.80,Frituras
910,,Chiskesitos familiar 145 gr,1.77,1.37,Frituras
917,,De Todito resuelto grande,2.42,2.15,Frituras
927,,Papas Lays 30 gr,1.11,0.91,Frituras
78,,cheesetres P,0.93,0.71,Frituras
77,,cheesetres grande 150 gr,1.98,1.58,Frituras
736,,chicharon pequeño,0.68,0.50,Frituras
273,,doritos familiar,2.85,2.39,Frituras
391,,doritos pequeno,1.05,0.84,Frituras
588,,nachos,0.82,0.58,Frituras
939,,papas fritas,0.49,0.35,Frituras
255,,papas ralladas 100gr,0.72,0.02,Frituras
75,,pepito G,1.35,1.08,Frituras
76,,pepito P,0.70,0.47,Frituras
776,,pepito Pepiking,0.65,0.44,Frituras
393,,raquety pequeno,0.67,0.42,Frituras
546,,ruffles original 36 gr,1.22,0.98,Frituras
80,,toston grande,1.30,0.75,Frituras
81,,toston pequeño,0.52,0.45,Frituras
214,,mani salado,0.82,0.43,Fruto Secos
213,,mixtura,0.57,0.34,Fruto Secos
901,,Galleta Choco Crunch,1.29,1.08,Galletas Y Chucherias
986,,Galleta Mini Dani,1.18,0.92,Galletas Y Chucherias
903,,Galletas Tan,0.61,0.48,Galletas Y Chucherias
796,,Mega Bit lonchera,0.64,0.45,Galletas Y Chucherias
71,,club social,0.40,0.25,Galletas Y Chucherias
65,,coco crunch,1.20,1.00,Galletas Y Chucherias
197,,cocosette,1.00,0.77,Galletas Y Chucherias
72,,dandy,0.51,0.32,Galletas Y Chucherias
66,,deleitinas,0.60,0.46,Galletas Y Chucherias
331,,galleta belvita hony bran,0.49,0.30,Galletas Y Chucherias
762,,galleta de soda,0.33,0.20,Galletas Y Chucherias
11,,galleta maria caledonia,1.00,0.83,Galletas Y Chucherias
877,,galleta mini chips tira,0.73,0.61,Galletas Y Chucherias
64,,galletas babo,0.63,0.46,Galletas Y Chucherias
69,,max coco,0.66,0.43,Galletas Y Chucherias
715,,mega bit 120 g,1.75,1.33,Galletas Y Chucherias
714,,nucita crunch,2.00,1.62,Galletas Y Chucherias
70,,oreo original 4 galletas,0.51,0.37,Galletas Y Chucherias
73,,palitos,0.60,0.31,Galletas Y Chucherias
282,,salricas unidad,0.60,0.40,Galletas Y Chucherias
953,,Frijol Pico Negro 500 gr,0.64,0.50,Granos
801,,Lentejas Aurora 400 gr,1.32,1.17,Granos
945,,Lentejas Maizal 400 gr,1.32,1.11,Granos
27,,caraotas 1/2,1.17,1.07,Granos
400,,caraotas amanecer,1.75,1.50,Granos
168,,granola,0.75,0.37,Granos
28,,lentejas 1/2,1.38,0.95,Granos
277,,lentejas amanecer,1.36,1.15,Granos
238,,maiz cotufa amanecer,1.34,1.13,Granos
346,,quinchoncho medio kilo,1.21,1.08,Granos
947,,Harina Mimasa,0.84,0.73,Harina De Maiz
22,,harina doña emilia,0.85,0.73,Harina De Maiz
301,,harina lucharepa,0.94,0.81,Harina De Maiz
419,,harina pan libre de gluten,1.20,1.20,Harina De Maiz
190,,harina mary leudante,1.33,1.21,Harina De Trigo
210,,harina mary todo uso,1.44,1.26,Harina De Trigo
23,,robin hood Leudante,1.06,0.86,Harina De Trigo
24,,robin hood Todo uso,1.00,0.79,Harina De Trigo
547,,helados ciocolato,0.90,0.55,Helados
598,,Huevos unidad,0.21,0.10,Huevos
377,,huevos A,2.87,2.83,Huevos
932,,Jabon Moncler 90 gr,2.02,1.69,Jabon De Baño
929,,Jabon Palmolive 85 gr,1.10,0.96,Jabon De Baño
91,,anita 125 gr grande,0.93,0.79,Jabon De Baño
92,,anita 80 gr Pequeño,0.65,0.49,Jabon De Baño
230,,medicare classic 85 gr,0.85,0.60,Jabon De Baño
90,,protex 110 gr,1.82,2.26,Jabon De Baño
536,,protex 75 gr,1.13,0.94,Jabon De Baño
960,,Jabon Peros 460 gr,1.11,0.85,Jabon En Polvo
959,,Jabon Ultrex 500 gr,1.37,1.01,Jabon En Polvo
977,,Jabon las Llaves Activa 900 gr,2.72,2.33,Jabon En Polvo
676,,jabon alive 200 gr,0.63,0.45,Jabon En Polvo
957,,jabon las llaves Activa 400 gr,1.27,1.09,Jabon En Polvo
95,,panela las llaves 250 gr,1.00,0.72,Jabon Panela
94,,panela llaves bebe,1.13,0.92,Jabon Panela
62,,panelada,0.76,0.51,Jugo Se Sobre
63,,qualimax,0.36,0.23,Jugo Se Sobre
725,,El valle jugo 1.5 litro,1.40,0.91,Jugos
737,,el valle jugo 500 mi,0.66,0.62,Jugos
861,,jugo fruton 400 ml bulto,7.00,6.00,Jugos
426,,jugo guaca fruit200 ml,0.68,0.41,Jugos
479,,jugo jucosa,0.56,0.48,Jugos
609,,jugo jugosa 1 litro,2.09,1.74,Jugos
648,,jugo jugosa pequeño,0.81,0.58,Jugos
60,,jugo justi 1.5 lit unidad,1.40,1.00,Jugos
949,,jugo justy 400 ml unidad,0.66,0.40,Jugos
678,,brillante  lavaplatos crema,1.60,1.28,Lavaplatos
35,,leche condensada maita,1.78,1.46,Leche Condensada
31,,dobom 120,1.50,1.19,Leche En Polvo
30,,dobom 200,2.30,2.04,Leche En Polvo
29,,dobom 400,4.30,3.85,Leche En Polvo
399,,leche amanecer 125 gr,2.10,1.83,Leche En Polvo
422,,leche amanecer 400 gr,6.23,5.76,Leche En Polvo
342,,leche los andes 250 gr,3.30,3.00,Leche En Polvo
216,,leche lucha 900g,12.70,11.67,Leche En Polvo
981,,Leche Purisima completa,2.82,2.42,Leche Liquida
578,,leche liquida natulac,2.63,2.25,Leche Liquida
891,,leche liquida purisima descremada,2.80,1.60,Leche Liquida
879,,maiz dulce bubba 184 gr,1.08,0.76,Maiz Dulce
290,,maiz dulce osole lata,1.79,1.35,Maiz Dulce
900,,Margarina Pampa 225 gr,1.22,1.01,Mantequillas
961,,Margarina juana 464 gr,2.20,1.88,Mantequillas
937,,Margarina la lucha,2.50,2.15,Mantequillas
3,,mantequilla mavesa G,3.00,2.62,Mantequillas
269,,mantequilla mavesa P,1.76,1.49,Mantequillas
985,,Mayonesa Fritz 150 gr,1.52,1.27,Mayonessa
958,,Mayonesa La Especial 445 gr,2.84,2.44,Mayonessa
938,,Mayonesa Real 445 gr,3.26,2.93,Mayonessa
798,,mayonesa La Pastora 185 g,1.31,1.12,Mayonessa
380,,mayonesa Real 175 gr,1.49,1.17,Mayonessa
9,,mayonesa kemy G,2.95,2.61,Mayonessa
165,,mayonesa kemy P,1.60,1.32,Mayonessa
722,,mayonesa la lucha,3.22,2.80,Mayonessa
7,,mayonesa mavesa G,4.32,3.86,Mayonessa
8,,mayonesa mavesa P,2.40,1.98,Mayonessa
13,,mostaza eureka plastico,2.00,1.28,Mayonessa
935,,Agua Oxigenada,1.05,0.90,Medicinas
933,,Algodon,1.05,0.78,Medicinas
934,,Curitas,0.38,0.24,Medicinas
971,,Envase de Heces,0.26,0.18,Medicinas
936,,Fin al grip 500 mg,6.35,5.80,Medicinas
976,,Vaselina Baby Finger 55 gr,1.46,1.13,Medicinas
185,,acetaminofen,0.13,0.07,Medicinas
234,,alcohol 120cc,1.05,0.63,Medicinas
428,,algodon,0.80,0.63,Medicinas
660,,clorace antigripal caja,3.18,2.64,Medicinas
661,,clorace antigripal unidad,0.35,0.27,Medicinas
183,,diclofenac,0.12,0.09,Medicinas
315,,envase de orina,0.32,0.20,Medicinas
184,,ibuprofeno 800ml,0.20,0.11,Medicinas
659,,inyectadora,0.17,0.07,Medicinas
186,,loratadina,0.24,0.10,Medicinas
187,,metronidazol,0.23,0.15,Medicinas
188,,omeprazol,0.17,0.10,Medicinas
336,,torcilax,0.34,0.15,Medicinas
608,,catalina grande centro unidad,0.22,0.16,Panaderia Centro
607,,catalina grande paquete centro,2.22,1.64,Panaderia Centro
942,,Cortadito paquete,2.00,1.50,Panaderia Mario
834,,Pan Arabe,1.81,1.60,Panaderia Mario
950,,Pan Frances javi,1.35,1.00,Panaderia Mario
951,,Pan Sobado javi,1.35,1.00,Panaderia Mario
893,,Pan de coco paquete,3.70,3.20,Panaderia Mario
894,,Pan de coco unidad,0.40,0.32,Panaderia Mario
895,,Pan de leche grande,1.91,1.50,Panaderia Mario
922,,Quesadilla,2.40,2.00,Panaderia Mario
941,,Tunja mini,1.80,1.20,Panaderia Mario
866,,acemita grande,3.55,3.00,Panaderia Mario
245,,arequipe pequeno,1.23,1.10,Panaderia Mario
781,,cachitos paquete,1.23,1.00,Panaderia Mario
491,,catalina mario unidad,0.17,0.10,Panaderia Mario
458,,catalina paquete de 5 uni,2.00,1.50,Panaderia Mario
943,,cortado unidad,0.45,30.00,Panaderia Mario
865,,palmeritas,2.50,2.00,Panaderia Mario
244,,pan andino largo,1.88,1.50,Panaderia Mario
203,,pan de dios,1.20,0.90,Panaderia Mario
867,,pan de guayabita redondo paquete,2.37,1.90,Panaderia Mario
461,,pan de queso,2.00,1.70,Panaderia Mario
868,,pan guayabita redondo unidad,0.26,0.23,Panaderia Mario
635,,pan piñita,1.40,1.00,Panaderia Mario
773,,pastelito hojaldre paquete,2.56,2.10,Panaderia Mario
730,,pastelitos de hojaldre unidad,0.27,0.20,Panaderia Mario
870,,pecho e niña unidad,0.36,0.20,Panaderia Mario
869,,pecho eniña paquete,1.71,1.30,Panaderia Mario
246,,polvorosa paquete,2.13,1.50,Panaderia Mario
456,,polvorosas unidad,0.20,0.16,Panaderia Mario
864,,tunja grande,2.00,1.60,Panaderia Mario
204,,tunja mario,1.88,1.50,Panaderia Mario
494,,papel alisof paquete 215 h,0.70,0.55,Papel De Baño
556,,papel alisof unidad,0.26,0.16,Papel De Baño
429,,papel h europapel 215 h,0.77,0.57,Papel De Baño
157,,papel luciano,0.71,0.57,Papel De Baño
156,,papel rosal 215 h verde,0.95,0.77,Papel De Baño
561,,papel rosal naranja plus,2.85,2.08,Papel De Baño
596,,papel rosal verde unidad,0.34,0.32,Papel De Baño
495,,rosal 180 h rojo,1.10,0.98,Papel De Baño
158,,servilletas,1.24,0.90,Papel De Baño
962,,Pasta Mary 500 gr larga,0.87,0.68,Pasta
967,,Pasta larga Della Nonna 1kilo,1.59,1.40,Pasta
423,,pasta corta especial,1.74,1.54,Pasta
424,,pasta larga especial,1.47,1.22,Pasta
147,,pañales G,4.10,4.37,Pañales
148,,pañales M,4.00,3.65,Pañales
149,,pañales P,3.73,3.14,Pañales
146,,pañales XG,4.10,3.42,Pañales
940,,pañales xg y g detallado,0.28,0.20,Pañales
973,,Colador de cafe,0.31,0.20,Plasticos De Cocina
848,,colador de pasta,1.77,1.40,Plasticos De Cocina
844,,envase lonchera niño,1.77,1.43,Plasticos De Cocina
847,,jarra de plastico 1 L,2.26,1.91,Plasticos De Cocina
925,,Limpiador Mr Clean,1.41,1.16,Productos De Limpieza
108,,brisol,2.65,2.14,Productos De Limpieza
110,,cera,3.17,2.67,Productos De Limpieza
172,,cloro,1.30,0.35,Productos De Limpieza
924,,cloro Mr Clean,1.28,1.12,Productos De Limpieza
107,,jabon morado,2.71,2.21,Productos De Limpieza
109,,limpia poceta,2.14,1.37,Productos De Limpieza
851,,queso amarillo Mi Vallesito,15.00,11.60,Quesos
483,,queso churuguara,6.48,5.30,Quesos
420,,queso pecorino 40 gr,2.46,2.10,Quesos
968,,Brillo de alambre ultra,0.40,0.26,Quincalla
969,,Esponja Aliclean,0.33,0.20,Quincalla
507,,bolsa grande 30 kilos,0.11,0.07,Quincalla
129,,bolsa negra,0.38,0.21,Quincalla
501,,bombillo led america 20 w,1.00,0.76,Quincalla
132,,cepillo barrer jumbo,4.20,3.64,Quincalla
136,,cepillo dental maksim,0.67,0.43,Quincalla
555,,esponja de alambre aliclean,0.40,0.22,Quincalla
493,,esponja izy,1.20,0.95,Quincalla
390,,hojilla unidad,0.15,0.09,Quincalla
143,,pega loca astro,0.49,0.21,Quincalla
135,,pilas AA Y AAA,0.60,0.28,Quincalla
222,,plagatox,0.46,0.30,Quincalla
138,,prestobarba dorco,0.32,0.19,Quincalla
137,,prestobarba max,0.36,0.20,Quincalla
145,,reflector led con socate,2.00,1.09,Quincalla
139,,resistencia o caracol,1.78,1.27,Quincalla
141,,velas,0.15,0.09,Quincalla
140,,yesquero,0.67,0.30,Quincalla
744,,Big cola unid,1.08,0.80,Refrescos
832,,Soda liquida 400ml,0.64,0.55,Refrescos
603,,chinoto 1.5 litros,1.13,0.78,Refrescos
602,,chinoto 2 litros,1.28,1.01,Refrescos
738,,coca coca bombita uni,0.82,0.65,Refrescos
56,,coca cola 1.25L (R) uni,1.17,0.75,Refrescos
54,,coca cola 1.5L uni,1.59,1.16,Refrescos
55,,coca cola 1L uni,1.10,0.83,Refrescos
53,,coca cola 2 L unidad,1.72,1.38,Refrescos
513,,fanta 1 litro,1.00,0.73,Refrescos
425,,fanta sabores 1.5 litros,1.21,0.83,Refrescos
487,,fanta sabores 2 litros,1.40,1.00,Refrescos
605,,frescolita 1 litro,1.00,0.63,Refrescos
584,,frescolita 1.5 lit,1.21,0.80,Refrescos
604,,frescolita 2 litros,1.40,1.00,Refrescos
786,,gatorade,1.98,1.54,Refrescos
653,,golden 2 litros,1.40,1.00,Refrescos
560,,golden sabores 1 litro,1.00,0.80,Refrescos
337,,golden sabores 1.5 litros,1.21,0.83,Refrescos
862,,jugo fruton 400 ml,0.68,0.40,Refrescos
57,,malta 1.5L,2.10,1.70,Refrescos
58,,malta botellita,0.73,0.46,Refrescos
486,,pepsi 1.5 litro,1.35,1.08,Refrescos
785,,power max,0.58,0.40,Refrescos
59,,refresco retornable 350 ml,0.77,0.50,Refrescos
52,,sun cola 2L,1.03,0.83,Refrescos
211,,sun cola 400 ml,0.54,0.32,Refrescos
283,,sal Ensal,0.55,0.33,Sal
926,,Mostaza Fritz 160 gr,1.20,1.03,Salsas
984,,Salsa Amatriciana Fritz 310 gr,2.28,1.90,Salsas
982,,Salsa BBQ Fritz 290 gr,2.84,2.47,Salsas
983,,Salsa Napolitana Fritz 310 gr,2.80,2.47,Salsas
978,,Salsa de tomate Real 397 gr,1.74,1.47,Salsas
849,,base para salsa ROROS sobre,1.97,1.61,Salsas
760,,mostaza fritz 250 g,3.08,2.67,Salsas
800,,salsa La Pastora 370 gr,1.31,1.12,Salsas
470,,salsa boloñesa fritz 310 gr,2.10,1.71,Salsas
468,,salsa cheddar fritz 240 g,3.92,3.42,Salsas
311,,salsa china de ajo,1.60,1.11,Salsas
535,,salsa china de soya,1.40,1.03,Salsas
447,,salsa de ajo tiquire 150 ml,1.65,1.37,Salsas
684,,salsa de tocineta fritz 240 gr,3.79,3.37,Salsas
878,,salsa de tomate  fritz 165 gr,1.00,0.83,Salsas
258,,salsa de tomate la giralda,1.87,1.55,Salsas
225,,salsa fritz sabores 145 g,1.80,1.57,Salsas
612,,salsa inglesa china,1.47,1.13,Salsas
14,,salsa inglesa reina,1.00,1.00,Salsas
683,,salsa maiz fritz 240 gr,4.15,3.74,Salsas
312,,salsa pampero 397 gr,2.10,1.74,Salsas
471,,salsa para pizza fritz 310 gr,1.91,1.53,Salsas
759,,salsa picante fritz 250 g,2.85,2.40,Salsas
531,,salsa roros bbq,2.22,2.00,Salsas
467,,salsa sabor a maiz 145 gr,2.20,1.60,Salsas
454,,salsa tiquire 397 gr,1.63,1.34,Salsas
260,,agua oxigenada lovia,1.00,0.65,Shampoo Y Desodorante
128,,nutribella,0.70,0.46,Shampoo Y Desodorante
193,,shampoo baby finger peque,1.20,0.93,Shampoo Y Desodorante
120,,shampoo head &  shoulder,0.43,0.29,Shampoo Y Desodorante
544,,shampoo pantene tira,0.50,0.60,Shampoo Y Desodorante
504,,suavisante alive 200ml,0.70,0.52,Suavisantes
398,,suavisante alive 500ml,1.73,1.55,Suavisantes
101,,suavitel 180 ml,0.77,0.63,Suavisantes
876,,suavitel 500 gr,2.45,2.18,Suavisantes
915,,suavitel tira,0.52,0.38,Suavisantes
599,,suvisante alive 180 ml,0.68,0.56,Suavisantes
610,,protector diario alive,0.94,0.71,Toallas Asanitarias
152,,toallas alive morada claro,0.87,0.74,Toallas Asanitarias
153,,toallas alive nocturna extra,1.03,0.90,Toallas Asanitarias
317,,toallas alive rosada,0.75,0.62,Toallas Asanitarias
159,,toallas humedas Baby finger,1.07,0.85,Toallas Asanitarias
630,,biscocho,1.10,0.57,Tortas
626,,barra silicon fina,0.40,0.23,Utiles Escolares
627,,barra silicon gruesa,0.70,0.52,Utiles Escolares
618,,borra pointer unidad,0.25,0.15,Utiles Escolares
617,,fichas pequeña,0.06,0.03,Utiles Escolares
647,,lapicero,0.23,0.11,Utiles Escolares
624,,lapiz mongol unidad,0.45,0.26,Utiles Escolares
621,,lapiz pointer hb,0.33,0.16,Utiles Escolares
619,,marcador turmax,0.52,0.30,Utiles Escolares
616,,papel bond,0.16,0.10,Utiles Escolares
625,,pega blanca 60ml unidad,0.70,0.32,Utiles Escolares
775,,pintura al frio,0.77,0.55,Utiles Escolares
628,,sacapunta metal,0.22,0.12,Utiles Escolares
906,,Vinagre Kepa 1 L,1.87,1.60,Vinagre
521,,Vinagre kepa 500ml,1.00,0.63,Vinagre
931,,yogurt 330 cc,1.62,1.30,Yogurt
835,,yogurt kids,1.58,1.30,Yogurt